{
  "total_students": 20,
  "total_marks": 10,
  "results": [
    {
      "student_id": "Maryam",
      "total_score": 9.0,
      "total_possible": 10,
      "percentage": 90.0,
      "per_question": [
        {
          "question": "Q1",
          "max_marks": 5,
          "marks_obtained": 4.5,
          "similarity": 0.805,
          "percentage": 90.0
        },
        {
          "question": "Q2",
          "max_marks": 3,
          "marks_obtained": 2.7,
          "similarity": 0.866,
          "percentage": 90.0
        },
        {
          "question": "Q3",
          "max_marks": 2,
          "marks_obtained": 1.8,
          "similarity": 0.851,
          "percentage": 90.0
        }
      ],
      "rank": 1
    },
    {
      "student_id": "Areesha",
      "total_score": 9.0,
      "total_possible": 10,
      "percentage": 90.0,
      "per_question": [
        {
          "question": "Q1",
          "max_marks": 5,
          "marks_obtained": 4.5,
          "similarity": 0.873,
          "percentage": 90.0
        },
        {
          "question": "Q2",
          "max_marks": 3,
          "marks_obtained": 2.7,
          "similarity": 0.856,
          "percentage": 90.0
        },
        {
          "question": "Q3",
          "max_marks": 2,
          "marks_obtained": 1.8,
          "similarity": 0.845,
          "percentage": 90.0
        }
      ],
      "rank": 1
    },
    {
      "student_id": "Ayesha",
      "total_score": 8.6,
      "total_possible": 10,
      "percentage": 86.0,
      "per_question": [
        {
          "question": "Q1",
          "max_marks": 5,
          "marks_obtained": 4.5,
          "similarity": 0.802,
          "percentage": 90.0
        },
        {
          "question": "Q2",
          "max_marks": 3,
          "marks_obtained": 2.1,
          "similarity": 0.7,
          "percentage": 70.0
        },
        {
          "question": "Q3",
          "max_marks": 2,
          "marks_obtained": 2,
          "similarity": 0.911,
          "percentage": 100.0
        }
      ],
      "rank": 3
    },
    {
      "student_id": "Nimra",
      "total_score": 8.6,
      "total_possible": 10,
      "percentage": 86.0,
      "per_question": [
        {
          "question": "Q1",
          "max_marks": 5,
          "marks_obtained": 4.5,
          "similarity": 0.818,
          "percentage": 90.0
        },
        {
          "question": "Q2",
          "max_marks": 3,
          "marks_obtained": 2.1,
          "similarity": 0.734,
          "percentage": 70.0
        },
        {
          "question": "Q3",
          "max_marks": 2,
          "marks_obtained": 2,
          "similarity": 0.94,
          "percentage": 100.0
        }
      ],
      "rank": 3
    },
    {
      "student_id": "Daniya",
      "total_score": 8.5,
      "total_possible": 10,
      "percentage": 85.0,
      "per_question": [
        {
          "question": "Q1",
          "max_marks": 5,
          "marks_obtained": 4.5,
          "similarity": 0.845,
          "percentage": 90.0
        },
        {
          "question": "Q2",
          "max_marks": 3,
          "marks_obtained": 3,
          "similarity": 0.902,
          "percentage": 100.0
        },
        {
          "question": "Q3",
          "max_marks": 2,
          "marks_obtained": 1.0,
          "similarity": 0.6,
          "percentage": 50.0
        }
      ],
      "rank": 5
    },
    {
      "student_id": "Farah",
      "total_score": 8.4,
      "total_possible": 10,
      "percentage": 84.0,
      "per_question": [
        {
          "question": "Q1",
          "max_marks": 5,
          "marks_obtained": 4.5,
          "similarity": 0.869,
          "percentage": 90.0
        },
        {
          "question": "Q2",
          "max_marks": 3,
          "marks_obtained": 2.1,
          "similarity": 0.722,
          "percentage": 70.0
        },
        {
          "question": "Q3",
          "max_marks": 2,
          "marks_obtained": 1.8,
          "similarity": 0.825,
          "percentage": 90.0
        }
      ],
      "rank": 6
    },
    {
      "student_id": "Ahmed",
      "total_score": 8.2,
      "total_possible": 10,
      "percentage": 82.0,
      "per_question": [
        {
          "question": "Q1",
          "max_marks": 5,
          "marks_obtained": 3.5,
          "similarity": 0.785,
          "percentage": 70.0
        },
        {
          "question": "Q2",
          "max_marks": 3,
          "marks_obtained": 2.7,
          "similarity": 0.885,
          "percentage": 90.0
        },
        {
          "question": "Q3",
          "max_marks": 2,
          "marks_obtained": 2,
          "similarity": 0.971,
          "percentage": 100.0
        }
      ],
      "rank": 7
    },
    {
      "student_id": "Usman",
      "total_score": 7.6,
      "total_possible": 10,
      "percentage": 76.0,
      "per_question": [
        {
          "question": "Q1",
          "max_marks": 5,
          "marks_obtained": 3.5,
          "similarity": 0.752,
          "percentage": 70.0
        },
        {
          "question": "Q2",
          "max_marks": 3,
          "marks_obtained": 2.7,
          "similarity": 0.84,
          "percentage": 90.0
        },
        {
          "question": "Q3",
          "max_marks": 2,
          "marks_obtained": 1.4,
          "similarity": 0.773,
          "percentage": 70.0
        }
      ],
      "rank": 8
    },
    {
      "student_id": "Laiba",
      "total_score": 7.6,
      "total_possible": 10,
      "percentage": 76.0,
      "per_question": [
        {
          "question": "Q1",
          "max_marks": 5,
          "marks_obtained": 3.5,
          "similarity": 0.789,
          "percentage": 70.0
        },
        {
          "question": "Q2",
          "max_marks": 3,
          "marks_obtained": 2.1,
          "similarity": 0.731,
          "percentage": 70.0
        },
        {
          "question": "Q3",
          "max_marks": 2,
          "marks_obtained": 2,
          "similarity": 0.911,
          "percentage": 100.0
        }
      ],
      "rank": 8
    },
    {
      "student_id": "Arsalan",
      "total_score": 7.6,
      "total_possible": 10,
      "percentage": 76.0,
      "per_question": [
        {
          "question": "Q1",
          "max_marks": 5,
          "marks_obtained": 3.5,
          "similarity": 0.711,
          "percentage": 70.0
        },
        {
          "question": "Q2",
          "max_marks": 3,
          "marks_obtained": 2.1,
          "similarity": 0.711,
          "percentage": 70.0
        },
        {
          "question": "Q3",
          "max_marks": 2,
          "marks_obtained": 2,
          "similarity": 0.911,
          "percentage": 100.0
        }
      ],
      "rank": 8
    },
    {
      "student_id": "Bilal",
      "total_score": 7.2,
      "total_possible": 10,
      "percentage": 72.0,
      "per_question": [
        {
          "question": "Q1",
          "max_marks": 5,
          "marks_obtained": 3.5,
          "similarity": 0.715,
          "percentage": 70.0
        },
        {
          "question": "Q2",
          "max_marks": 3,
          "marks_obtained": 2.7,
          "similarity": 0.853,
          "percentage": 90.0
        },
        {
          "question": "Q3",
          "max_marks": 2,
          "marks_obtained": 1.0,
          "similarity": 0.606,
          "percentage": 50.0
        }
      ],
      "rank": 11
    },
    {
      "student_id": "Hira",
      "total_score": 7.2,
      "total_possible": 10,
      "percentage": 72.0,
      "per_question": [
        {
          "question": "Q1",
          "max_marks": 5,
          "marks_obtained": 4.5,
          "similarity": 0.824,
          "percentage": 90.0
        },
        {
          "question": "Q2",
          "max_marks": 3,
          "marks_obtained": 2.1,
          "similarity": 0.741,
          "percentage": 70.0
        },
        {
          "question": "Q3",
          "max_marks": 2,
          "marks_obtained": 0.6,
          "similarity": 0.559,
          "percentage": 30.0
        }
      ],
      "rank": 11
    },
    {
      "student_id": "Shahmeer",
      "total_score": 7.2,
      "total_possible": 10,
      "percentage": 72.0,
      "per_question": [
        {
          "question": "Q1",
          "max_marks": 5,
          "marks_obtained": 3.5,
          "similarity": 0.742,
          "percentage": 70.0
        },
        {
          "question": "Q2",
          "max_marks": 3,
          "marks_obtained": 2.7,
          "similarity": 0.866,
          "percentage": 90.0
        },
        {
          "question": "Q3",
          "max_marks": 2,
          "marks_obtained": 1.0,
          "similarity": 0.617,
          "percentage": 50.0
        }
      ],
      "rank": 11
    },
    {
      "student_id": "Mahad",
      "total_score": 7.0,
      "total_possible": 10,
      "percentage": 70.0,
      "per_question": [
        {
          "question": "Q1",
          "max_marks": 5,
          "marks_obtained": 3.5,
          "similarity": 0.784,
          "percentage": 70.0
        },
        {
          "question": "Q2",
          "max_marks": 3,
          "marks_obtained": 1.5,
          "similarity": 0.691,
          "percentage": 50.0
        },
        {
          "question": "Q3",
          "max_marks": 2,
          "marks_obtained": 2,
          "similarity": 0.971,
          "percentage": 100.0
        }
      ],
      "rank": 14
    },
    {
      "student_id": "Sara",
      "total_score": 6.6,
      "total_possible": 10,
      "percentage": 66.0,
      "per_question": [
        {
          "question": "Q1",
          "max_marks": 5,
          "marks_obtained": 3.5,
          "similarity": 0.759,
          "percentage": 70.0
        },
        {
          "question": "Q2",
          "max_marks": 3,
          "marks_obtained": 2.1,
          "similarity": 0.729,
          "percentage": 70.0
        },
        {
          "question": "Q3",
          "max_marks": 2,
          "marks_obtained": 1.0,
          "similarity": 0.628,
          "percentage": 50.0
        }
      ],
      "rank": 15
    },
    {
      "student_id": "Hamza",
      "total_score": 6.6,
      "total_possible": 10,
      "percentage": 66.0,
      "per_question": [
        {
          "question": "Q1",
          "max_marks": 5,
          "marks_obtained": 3.5,
          "similarity": 0.732,
          "percentage": 70.0
        },
        {
          "question": "Q2",
          "max_marks": 3,
          "marks_obtained": 2.1,
          "similarity": 0.752,
          "percentage": 70.0
        },
        {
          "question": "Q3",
          "max_marks": 2,
          "marks_obtained": 1.0,
          "similarity": 0.617,
          "percentage": 50.0
        }
      ],
      "rank": 15
    },
    {
      "student_id": "Rayyan",
      "total_score": 6.6,
      "total_possible": 10,
      "percentage": 66.0,
      "per_question": [
        {
          "question": "Q1",
          "max_marks": 5,
          "marks_obtained": 3.5,
          "similarity": 0.799,
          "percentage": 70.0
        },
        {
          "question": "Q2",
          "max_marks": 3,
          "marks_obtained": 2.1,
          "similarity": 0.729,
          "percentage": 70.0
        },
        {
          "question": "Q3",
          "max_marks": 2,
          "marks_obtained": 1.0,
          "similarity": 0.677,
          "percentage": 50.0
        }
      ],
      "rank": 15
    },
    {
      "student_id": "Ali",
      "total_score": 6.2,
      "total_possible": 10,
      "percentage": 62.0,
      "per_question": [
        {
          "question": "Q1",
          "max_marks": 5,
          "marks_obtained": 3.5,
          "similarity": 0.771,
          "percentage": 70.0
        },
        {
          "question": "Q2",
          "max_marks": 3,
          "marks_obtained": 2.1,
          "similarity": 0.759,
          "percentage": 70.0
        },
        {
          "question": "Q3",
          "max_marks": 2,
          "marks_obtained": 0.6,
          "similarity": 0.535,
          "percentage": 30.0
        }
      ],
      "rank": 18
    },
    {
      "student_id": "Hassan",
      "total_score": 6.2,
      "total_possible": 10,
      "percentage": 62.0,
      "per_question": [
        {
          "question": "Q1",
          "max_marks": 5,
          "marks_obtained": 2.5,
          "similarity": 0.686,
          "percentage": 50.0
        },
        {
          "question": "Q2",
          "max_marks": 3,
          "marks_obtained": 2.7,
          "similarity": 0.84,
          "percentage": 90.0
        },
        {
          "question": "Q3",
          "max_marks": 2,
          "marks_obtained": 1.0,
          "similarity": 0.638,
          "percentage": 50.0
        }
      ],
      "rank": 18
    },
    {
      "student_id": "Zaid",
      "total_score": 6.2,
      "total_possible": 10,
      "percentage": 62.0,
      "per_question": [
        {
          "question": "Q1",
          "max_marks": 5,
          "marks_obtained": 3.5,
          "similarity": 0.717,
          "percentage": 70.0
        },
        {
          "question": "Q2",
          "max_marks": 3,
          "marks_obtained": 2.1,
          "similarity": 0.755,
          "percentage": 70.0
        },
        {
          "question": "Q3",
          "max_marks": 2,
          "marks_obtained": 0.6,
          "similarity": 0.535,
          "percentage": 30.0
        }
      ],
      "rank": 18
    }
  ]
}